{"users":[{"jid":"62857935892431@s.whatsapp.net","afk":-1,"afkReason":"","afkObj":{},"banned":false,"ban_temporary":0,"ban_times":0,"limit":15,"premium":false,"expired":0,"lastseen":1731677496837,"hit":0,"warning":0,"name":""},{"jid":"6285793589243@s.whatsapp.net","afk":-1,"afkReason":"","afkObj":{},"name":"YanaMiku","banned":false,"ban_temporary":0,"ban_times":0,"limit":14,"premium":false,"expired":0,"lastseen":1731677467080,"hit":2,"warning":0,"usebot":1731677467108}],"chats":[{"jid":"62857935892431@s.whatsapp.net","chat":3,"lastchat":0,"lastseen":1731676039279},{"jid":"6285793589243@s.whatsapp.net","chat":10,"lastchat":0,"lastseen":1731677496837}],"groups":[],"statistic":{"ai":{"hitstat":2,"today":2,"lasthit":1731677467109,"sender":"6285793589243"}},"sticker":{},"setting":{"autodownload":true,"antispam":false,"debug":false,"error":[],"hidden":[],"pluginDisable":[],"receiver":[],"groupmode":false,"sk_pack":"Sticker by","sk_author":"© neoxr.js","self":false,"noprefix":false,"multiprefix":true,"prefix":[".","/","!","#"],"toxic":["ajg","ajig","anjas","anjg","anjim","anjing","anjrot","anying","asw","autis","babi","bacod","bacot","bagong","bajingan","bangsad","bangsat","bastard","bego","bgsd","biadab","biadap","bitch","bngst","bodoh","bokep","cocote","coli","colmek","comli","dajjal","dancok","dongo","fuck","gelay","goblog","goblok","guoblog","guoblok","hairul","henceut","idiot","itil","jamet","jancok","jembut","jingan","kafir","kanjut","kanyut","keparat","kntl","kontol","lana","loli","lont","lonte","mancing","meki","memek","ngentod","ngentot","ngewe","ngocok","ngtd","njeng","njing","njinx","oppai","pantek","pantek","peler","pepek","pilat","pler","pornhub","pucek","puki","pukimak","redhub","sange","setan","silit","telaso","tempek","tete","titit","toket","tolol","tomlol","tytyd","wildan","xnxx"],"online":true,"onlyprefix":"+","owners":["994408364923"],"lastReset":1731676032243,"msg":"Hi +tag 🪸\nI am an automated system (WhatsApp Bot) that can help to do something, search and get data / information only through WhatsApp.\n\n◦ *Database* : +db\n◦ *Library* : Baileys v+version\n◦ *Rest API* : https://api.neoxr.my.id\n◦ *Source* : https://github.com/neoxr/neoxr-bot\n\nIf you find an error or want to upgrade premium plan contact the owner.","style":4,"cover":"https://telegra.ph/file/d5a48b03b80791b50717f.jpg","link":"https://chat.whatsapp.com/D4OaImtQwH48CtlR0yt4Ff"},"memoryStore":"{\"chats\":[{\"id\":\"62857935892431@s.whatsapp.net\",\"conversationTimestamp\":1731676030,\"unreadCount\":1},{\"participant\":[],\"id\":\"120363210987600017@g.us\",\"unreadCount\":28,\"readOnly\":false,\"ephemeralExpiration\":0,\"ephemeralSettingTimestamp\":{\"low\":0,\"high\":0,\"unsigned\":false},\"conversationTimestamp\":{\"low\":1731659482,\"high\":0,\"unsigned\":true},\"name\":\"Project Demo Script\",\"pHash\":\"1:MaBJx9rt\",\"notSpam\":true,\"disappearingMode\":{\"initiator\":\"CHANGED_IN_CHAT\"},\"unreadMentionCount\":1,\"markedAsUnread\":false,\"suspended\":false,\"isDefaultSubgroup\":false,\"commentsCount\":1000000,\"messages\":[{\"message\":{\"key\":{\"remoteJid\":\"120363210987600017@g.us\",\"fromMe\":false,\"id\":\"A66CFF5FBE30900458F5E6F9C98DCE08\"},\"message\":{\"conversation\":\"Terus gimana\"},\"messageTimestamp\":\"1731659482\",\"participant\":\"6285223538579@s.whatsapp.net\",\"reportingTokenInfo\":{\"reportingTag\":\"AY83h7VdGYFt+nDl+om4RERZbww=\"}}}],\"lastMessageRecvTimestamp\":1731659482},{\"participant\":[],\"id\":\"0@s.whatsapp.net\",\"unreadCount\":1,\"readOnly\":false,\"ephemeralExpiration\":0,\"ephemeralSettingTimestamp\":{\"low\":0,\"high\":0,\"unsigned\":false},\"endOfHistoryTransferType\":1,\"conversationTimestamp\":{\"low\":1731580996,\"high\":0,\"unsigned\":true},\"name\":\"WhatsApp\",\"notSpam\":false,\"disappearingMode\":{\"initiator\":\"CHANGED_IN_CHAT\"},\"unreadMentionCount\":0,\"markedAsUnread\":false,\"commentsCount\":1000000,\"messages\":[{\"message\":{\"key\":{\"remoteJid\":\"0@s.whatsapp.net\",\"fromMe\":false,\"id\":\"972934300870914-1\"},\"message\":{\"templateMessage\":{\"hydratedFourRowTemplate\":{\"videoMessage\":{\"mimetype\":\"video/mp4\",\"fileSha256\":\"nuFZJUdUUHiH+JNqvngyTj5rNsQw2Q4ZSHNc4Ele6MM=\",\"fileLength\":\"3879706\",\"seconds\":15,\"mediaKey\":\"G8FtcyrB4NWTdVylE8OajXLDY591fsA+3SmIrv2CZss=\",\"caption\":\"*Buat keputusan jadi menyenangkan dengan polling*\\nBuat polling untuk apa saja, baik untuk memilih hidangan makan malam atau karakter favorit Anda dari suatu film.\\n\\nCukup ketuk ikon lampiran, lalu Polling. Masukkan pertanyaan dan kemungkinan jawaban, lalu kirim.\",\"fileEncSha256\":\"fnQh3nHSR5PHrF3WMZnkQWsoAoYb9jLwMngWwnSwojM=\",\"staticUrl\":\"https://static.whatsapp.net/downloadable?category=PSA&id=930010065928377553&num=2c5491c5-a6f7-46e2-aaf7-8cd184e958a7&_nc_cat=1\"},\"hydratedContentText\":\"*Buat keputusan jadi menyenangkan dengan polling*\\nBuat polling untuk apa saja, baik untuk memilih hidangan makan malam atau karakter favorit Anda dari suatu film.\\n\\nCukup ketuk ikon lampiran, lalu Polling. Masukkan pertanyaan dan kemungkinan jawaban, lalu kirim.\",\"hydratedButtons\":[{\"urlButton\":{\"displayText\":\"Pelajari selengkapnya\",\"url\":\"https://faq.whatsapp.com/796470361614974\"},\"index\":0}]},\"hydratedTemplate\":{\"videoMessage\":{\"mimetype\":\"video/mp4\",\"fileSha256\":\"nuFZJUdUUHiH+JNqvngyTj5rNsQw2Q4ZSHNc4Ele6MM=\",\"fileLength\":\"3879706\",\"seconds\":15,\"mediaKey\":\"G8FtcyrB4NWTdVylE8OajXLDY591fsA+3SmIrv2CZss=\",\"caption\":\"*Buat keputusan jadi menyenangkan dengan polling*\\nBuat polling untuk apa saja, baik untuk memilih hidangan makan malam atau karakter favorit Anda dari suatu film.\\n\\nCukup ketuk ikon lampiran, lalu Polling. Masukkan pertanyaan dan kemungkinan jawaban, lalu kirim.\",\"fileEncSha256\":\"fnQh3nHSR5PHrF3WMZnkQWsoAoYb9jLwMngWwnSwojM=\",\"staticUrl\":\"https://static.whatsapp.net/downloadable?category=PSA&id=930010065928377553&num=2c5491c5-a6f7-46e2-aaf7-8cd184e958a7&_nc_cat=1\"},\"hydratedContentText\":\"*Buat keputusan jadi menyenangkan dengan polling*\\nBuat polling untuk apa saja, baik untuk memilih hidangan makan malam atau karakter favorit Anda dari suatu film.\\n\\nCukup ketuk ikon lampiran, lalu Polling. Masukkan pertanyaan dan kemungkinan jawaban, lalu kirim.\",\"hydratedButtons\":[{\"urlButton\":{\"displayText\":\"Pelajari selengkapnya\",\"url\":\"https://faq.whatsapp.com/796470361614974\"},\"index\":0}]}}},\"messageTimestamp\":\"1731580996\"}}],\"lastMessageRecvTimestamp\":1731580996},{\"participant\":[],\"id\":\"6285775616873@s.whatsapp.net\",\"unreadCount\":0,\"readOnly\":false,\"ephemeralExpiration\":0,\"ephemeralSettingTimestamp\":{\"low\":0,\"high\":0,\"unsigned\":false},\"endOfHistoryTransferType\":1,\"conversationTimestamp\":{\"low\":1730912730,\"high\":0,\"unsigned\":true},\"name\":\"Yanagi-san\",\"notSpam\":true,\"disappearingMode\":{\"initiator\":\"CHANGED_IN_CHAT\"},\"unreadMentionCount\":0,\"markedAsUnread\":false,\"tcToken\":{\"type\":\"Buffer\",\"data\":[3,1,147,127,90,108,72,202,141,46,218]},\"tcTokenTimestamp\":{\"low\":1730896141,\"high\":0,\"unsigned\":true},\"contactPrimaryIdentityKey\":{\"type\":\"Buffer\",\"data\":[101,20,187,230,202,110,105,135,71,86,222,40,148,233,207,109,17,240,102,108,185,43,194,184,107,98,45,246,169,194,25,66]},\"tcTokenSenderTimestamp\":{\"low\":1730726159,\"high\":0,\"unsigned\":true},\"lidJid\":\"180191544508444@lid\",\"commentsCount\":1000000,\"messages\":[{\"message\":{\"key\":{\"remoteJid\":\"6285775616873@s.whatsapp.net\",\"fromMe\":true,\"id\":\"7C0330ED21FF6AA6C7574FF1E1F057C8\"},\"message\":{\"conversation\":\"g\"},\"messageTimestamp\":\"1730912730\",\"status\":\"READ\",\"userReceipt\":[{\"userJid\":\"6285775616873@s.whatsapp.net\",\"receiptTimestamp\":\"1730912731\",\"readTimestamp\":\"1730912740\",\"playedTimestamp\":\"0\"}]}}]},{\"participant\":[],\"id\":\"6285793589243@s.whatsapp.net\",\"unreadCount\":0,\"readOnly\":false,\"ephemeralExpiration\":0,\"ephemeralSettingTimestamp\":{\"low\":0,\"high\":0,\"unsigned\":false},\"endOfHistoryTransferType\":1,\"conversationTimestamp\":{\"low\":1730113183,\"high\":0,\"unsigned\":true},\"name\":\"Iyuzaki Yanagi\",\"notSpam\":true,\"disappearingMode\":{\"initiator\":\"CHANGED_IN_CHAT\"},\"unreadMentionCount\":0,\"markedAsUnread\":false,\"tcToken\":{\"type\":\"Buffer\",\"data\":[3,1,18,22,43,117,133,71,9,109,205]},\"tcTokenTimestamp\":{\"low\":1729987049,\"high\":0,\"unsigned\":true},\"contactPrimaryIdentityKey\":{\"type\":\"Buffer\",\"data\":[253,25,162,118,9,255,206,193,7,225,163,45,218,93,62,184,213,73,44,180,222,11,239,80,41,141,104,40,33,216,153,60]},\"tcTokenSenderTimestamp\":{\"low\":1729987008,\"high\":0,\"unsigned\":true},\"lidJid\":\"46587862634730@lid\",\"commentsCount\":1000000,\"messages\":[{\"message\":{\"key\":{\"remoteJid\":\"6285793589243@s.whatsapp.net\",\"fromMe\":true,\"id\":\"75BD2829DF53F70607C67255707CB45D\"},\"message\":{\"conversation\":\"tes\"},\"messageTimestamp\":\"1730113183\",\"status\":\"DELIVERY_ACK\",\"messageC2STimestamp\":\"1730113184\",\"userReceipt\":[{\"userJid\":\"6285793589243@s.whatsapp.net\",\"receiptTimestamp\":\"1730113184\",\"readTimestamp\":\"0\",\"playedTimestamp\":\"0\"}]}}]}],\"contacts\":{\"120363210987600017@g.us\":{\"id\":\"120363210987600017@g.us\",\"name\":\"Project Demo Script\"},\"0@s.whatsapp.net\":{\"id\":\"0@s.whatsapp.net\",\"name\":\"WhatsApp\"},\"6285775616873@s.whatsapp.net\":{\"id\":\"6285775616873@s.whatsapp.net\",\"name\":\"Yanagi-san\"},\"6285793589243@s.whatsapp.net\":{\"id\":\"6285793589243@s.whatsapp.net\",\"name\":\"Iyuzaki Yanagi\"},\"6289517567947@s.whatsapp.net\":{\"id\":\"6289517567947@s.whatsapp.net\",\"notify\":\".\"},\"6283896835921@s.whatsapp.net\":{\"id\":\"6283896835921@s.whatsapp.net\",\"notify\":\"YanaMiku-BOTz\"},\"6287856524761@s.whatsapp.net\":{\"id\":\"6287856524761@s.whatsapp.net\",\"notify\":\"Daff\"},\"6287727097127@s.whatsapp.net\":{\"id\":\"6287727097127@s.whatsapp.net\",\"notify\":\"Gungss\"},\"6287776744943@s.whatsapp.net\":{\"id\":\"6287776744943@s.whatsapp.net\",\"notify\":\"💫🇬🇧\"},\"62881026786929@s.whatsapp.net\":{\"id\":\"62881026786929@s.whatsapp.net\",\"notify\":\"𝗷𝝴ֵ𝐥𝐥𝘆 𝝸ׄ𝗺𝞄𝞀\"},\"6283128541376@s.whatsapp.net\":{\"id\":\"6283128541376@s.whatsapp.net\",\"notify\":\"Rival\"},\"6285722228885@s.whatsapp.net\":{\"id\":\"6285722228885@s.whatsapp.net\",\"notify\":\"ANDRI ADI PUTRA\"}},\"messages\":{\"120363210987600017@g.us\":[{\"key\":{\"remoteJid\":\"120363210987600017@g.us\",\"fromMe\":false,\"id\":\"NXR5D1777DED576E\"},\"message\":{\"extendedTextMessage\":{\"text\":\"✅ Aktivasi deposit telah dikirim pada private Chat\",\"previewType\":\"NONE\",\"contextInfo\":{\"stanzaId\":\"171C813259F7EF9549B30B99A4AFB76F\",\"participant\":\"6287856524761@s.whatsapp.net\",\"quotedMessage\":{\"conversation\":\".deposit 5000\"}},\"inviteLinkGroupTypeV2\":\"DEFAULT\"}},\"messageTimestamp\":\"1731580568\",\"participant\":\"6283896835921@s.whatsapp.net\",\"reportingTokenInfo\":{\"reportingTag\":\"AY/Ze73dtxBPaO57lXSJ3A==\"}},{\"key\":{\"remoteJid\":\"120363210987600017@g.us\",\"fromMe\":false,\"id\":\"5288BAE758A7B67F738678D3D329B616\"},\"message\":{\"conversation\":\"Aku udh FAST RESPON ka\"},\"messageTimestamp\":\"1731580610\",\"participant\":\"6287856524761@s.whatsapp.net\",\"reportingTokenInfo\":{\"reportingTag\":\"AY8fRp9xqUcL5JxaRcsJcQ==\"}},{\"key\":{\"remoteJid\":\"120363210987600017@g.us\",\"fromMe\":true,\"id\":\"930038C52BEDBA5598F0A8F916D7E709\"},\"messageTimestamp\":\"1731580989\",\"status\":\"SERVER_ACK\",\"messageC2STimestamp\":\"1731580996\",\"messageStubType\":\"REVOKE\",\"messageStubParameters\":[\"298E2C89DF43F25FDE67BA3B22524DC9\"],\"userReceipt\":[{\"userJid\":\"6287856524761@s.whatsapp.net\",\"receiptTimestamp\":\"1731580997\",\"readTimestamp\":\"0\",\"playedTimestamp\":\"0\"},{\"userJid\":\"6287727097127@s.whatsapp.net\",\"receiptTimestamp\":\"1731580997\",\"readTimestamp\":\"0\",\"playedTimestamp\":\"0\"},{\"userJid\":\"6285793589243@s.whatsapp.net\",\"receiptTimestamp\":\"1731580997\",\"readTimestamp\":\"0\",\"playedTimestamp\":\"0\"},{\"userJid\":\"6285806755570@s.whatsapp.net\",\"receiptTimestamp\":\"1731580997\",\"readTimestamp\":\"0\",\"playedTimestamp\":\"0\"},{\"userJid\":\"6285223538579@s.whatsapp.net\",\"receiptTimestamp\":\"1731580997\",\"readTimestamp\":\"0\",\"playedTimestamp\":\"0\"},{\"userJid\":\"6283896835921@s.whatsapp.net\",\"receiptTimestamp\":\"1731580996\",\"readTimestamp\":\"1731580998\",\"playedTimestamp\":\"0\"},{\"userJid\":\"62881026786929@s.whatsapp.net\",\"receiptTimestamp\":\"1731580997\",\"readTimestamp\":\"0\",\"playedTimestamp\":\"0\"},{\"userJid\":\"6285775616873@s.whatsapp.net\",\"receiptTimestamp\":\"1731580997\",\"readTimestamp\":\"0\",\"playedTimestamp\":\"0\"},{\"userJid\":\"601136871190@s.whatsapp.net\",\"receiptTimestamp\":\"1731580997\",\"readTimestamp\":\"0\",\"playedTimestamp\":\"0\"},{\"userJid\":\"6285133339031@s.whatsapp.net\",\"receiptTimestamp\":\"1731581310\",\"readTimestamp\":\"0\",\"playedTimestamp\":\"0\"},{\"userJid\":\"6281532859320@s.whatsapp.net\",\"receiptTimestamp\":\"1731580997\",\"readTimestamp\":\"0\",\"playedTimestamp\":\"0\"},{\"userJid\":\"6281459064044@s.whatsapp.net\",\"receiptTimestamp\":\"1731580997\",\"readTimestamp\":\"0\",\"playedTimestamp\":\"0\"},{\"userJid\":\"6285198366084@s.whatsapp.net\",\"receiptTimestamp\":\"1731580997\",\"readTimestamp\":\"0\",\"playedTimestamp\":\"0\"},{\"userJid\":\"6285722228885@s.whatsapp.net\",\"receiptTimestamp\":\"1731580997\",\"readTimestamp\":\"0\",\"playedTimestamp\":\"0\"},{\"userJid\":\"6285954746266@s.whatsapp.net\",\"receiptTimestamp\":\"1731580997\",\"readTimestamp\":\"0\",\"playedTimestamp\":\"0\"}],\"revokeMessageTimestamp\":\"1731580996\"},{\"key\":{\"remoteJid\":\"120363210987600017@g.us\",\"fromMe\":false,\"id\":\"NXR510FD8CF46573\"},\"message\":{\"extendedTextMessage\":{\"text\":\"ya, sebentar, mw urus script lain dulu\",\"previewType\":\"NONE\",\"contextInfo\":{\"forwardingScore\":1,\"isForwarded\":true},\"inviteLinkGroupTypeV2\":\"DEFAULT\"}},\"messageTimestamp\":\"1731580998\",\"participant\":\"6283896835921@s.whatsapp.net\",\"reportingTokenInfo\":{\"reportingTag\":\"AY/RmAxs/J3Sowsg2PRWhw==\"}},{\"key\":{\"remoteJid\":\"120363210987600017@g.us\",\"fromMe\":false,\"id\":\"NXR5EE49FC86E222\"},\"message\":{\"extendedTextMessage\":{\"text\":\"ya, sebentar, mw urus script lain dulu\",\"previewType\":\"NONE\",\"contextInfo\":{\"forwardingScore\":1,\"isForwarded\":true},\"inviteLinkGroupTypeV2\":\"DEFAULT\"}},\"messageTimestamp\":\"1731580999\",\"participant\":\"6283896835921@s.whatsapp.net\",\"reportingTokenInfo\":{\"reportingTag\":\"AY87EYMwnEqJfDzkkvD2LQ==\"}},{\"key\":{\"remoteJid\":\"120363210987600017@g.us\",\"fromMe\":false,\"id\":\"NXR5D046E480A515\"},\"message\":{\"extendedTextMessage\":{\"text\":\"ya, sebentar, mw urus script lain dulu\",\"previewType\":\"NONE\",\"contextInfo\":{\"forwardingScore\":1,\"isForwarded\":true},\"inviteLinkGroupTypeV2\":\"DEFAULT\"}},\"messageTimestamp\":\"1731580999\",\"participant\":\"6283896835921@s.whatsapp.net\",\"reportingTokenInfo\":{\"reportingTag\":\"AY8JB7beA9sqmkMS7V8eZQ==\"}},{\"key\":{\"remoteJid\":\"120363210987600017@g.us\",\"fromMe\":false,\"id\":\"B9809E00F98302EC9FB50DFD8CE6CC62\"},\"message\":{\"stickerMessage\":{\"url\":\"https://mmg.whatsapp.net/v/t62.15575-24/28646378_957354929569507_7920221996182419845_n.enc?ccb=11-4&oh=01_Q5AaIDqwC-uGymwJL0oEO7mJl48ZT_2-cP9WEjB3VFeO9yb7&oe=675D4192&_nc_sid=5e03e0&mms3=true\",\"fileSha256\":\"HPcn9dJKHC65Ng5U1j2eplcxTJEJWXWZeUJTBdKc8Yc=\",\"fileEncSha256\":\"4AW/prJao3ffUvVBcDxanx10KF0+vi2/Ttkces5GxAs=\",\"mediaKey\":\"m2s3x+SKWGZVAs+1v0aSQonxjynO06fwAxiJt1BTVrE=\",\"mimetype\":\"image/webp\",\"height\":64,\"width\":64,\"directPath\":\"/v/t62.15575-24/28646378_957354929569507_7920221996182419845_n.enc?ccb=11-4&oh=01_Q5AaIDqwC-uGymwJL0oEO7mJl48ZT_2-cP9WEjB3VFeO9yb7&oe=675D4192&_nc_sid=5e03e0\",\"fileLength\":\"7014\",\"mediaKeyTimestamp\":\"1731492464\",\"isAnimated\":false,\"stickerSentTs\":\"1731581011000\",\"isAvatar\":false,\"isAiSticker\":false,\"isLottie\":false}},\"messageTimestamp\":\"1731581011\",\"participant\":\"6285775616873@s.whatsapp.net\",\"mediaData\":{\"localPath\":\"Media/WhatsApp Stickers/STK-20241114-WA0000.webp\"},\"reportingTokenInfo\":{\"reportingTag\":\"AY/yxamAz8/jM6/0u4c23w==\"}},{\"key\":{\"remoteJid\":\"120363210987600017@g.us\",\"fromMe\":false,\"id\":\"NXR5F71029C1AD48\"},\"message\":{\"extendedTextMessage\":{\"text\":\"Paduka Yanagi-sama Sudah Datang, Semua Harap Tunduk 🙇🙇\",\"previewType\":\"NONE\",\"contextInfo\":{\"stanzaId\":\"B9809E00F98302EC9FB50DFD8CE6CC62\",\"participant\":\"6285775616873@s.whatsapp.net\",\"quotedMessage\":{\"stickerMessage\":{\"url\":\"https://mmg.whatsapp.net/v/t62.15575-24/28646378_957354929569507_7920221996182419845_n.enc?ccb=11-4&oh=01_Q5AaIDqwC-uGymwJL0oEO7mJl48ZT_2-cP9WEjB3VFeO9yb7&oe=675D4192&_nc_sid=5e03e0&mms3=true\",\"fileSha256\":\"HPcn9dJKHC65Ng5U1j2eplcxTJEJWXWZeUJTBdKc8Yc=\",\"fileEncSha256\":\"4AW/prJao3ffUvVBcDxanx10KF0+vi2/Ttkces5GxAs=\",\"mediaKey\":\"m2s3x+SKWGZVAs+1v0aSQonxjynO06fwAxiJt1BTVrE=\",\"mimetype\":\"image/webp\",\"height\":64,\"width\":64,\"directPath\":\"/v/t62.15575-24/28646378_957354929569507_7920221996182419845_n.enc?ccb=11-4&oh=01_Q5AaIDqwC-uGymwJL0oEO7mJl48ZT_2-cP9WEjB3VFeO9yb7&oe=675D4192&_nc_sid=5e03e0\",\"fileLength\":\"7014\",\"mediaKeyTimestamp\":\"1731492464\",\"isAnimated\":false,\"stickerSentTs\":\"1731581011000\",\"isAvatar\":false,\"isAiSticker\":false,\"isLottie\":false}},\"mentionedJid\":[\"6281263444219@s.whatsapp.net\",\"6285806755570@s.whatsapp.net\",\"6283896835921@s.whatsapp.net\",\"601136871190@s.whatsapp.net\",\"6289517567947@s.whatsapp.net\",\"6285775616873@s.whatsapp.net\",\"6285793589243@s.whatsapp.net\",\"6281459064044@s.whatsapp.net\",\"62857935892431@s.whatsapp.net\",\"6281532859320@s.whatsapp.net\",\"6285133339031@s.whatsapp.net\",\"6285198366084@s.whatsapp.net\",\"6285223538579@s.whatsapp.net\",\"6285722228885@s.whatsapp.net\",\"6285954746266@s.whatsapp.net\",\"6287727097127@s.whatsapp.net\",\"6287856524761@s.whatsapp.net\",\"62881026786929@s.whatsapp.net\"]},\"inviteLinkGroupTypeV2\":\"DEFAULT\"}},\"messageTimestamp\":\"1731581013\",\"participant\":\"6283896835921@s.whatsapp.net\",\"reportingTokenInfo\":{\"reportingTag\":\"AY9Y881ZzUNkXm4cjsV81g==\"}},{\"key\":{\"remoteJid\":\"120363210987600017@g.us\",\"fromMe\":false,\"id\":\"3B348F4095DE21C53F8B4B0A114524A7\"},\"message\":{\"extendedTextMessage\":{\"text\":\"wait a minute\",\"previewType\":\"NONE\",\"contextInfo\":{\"stanzaId\":\"5288BAE758A7B67F738678D3D329B616\",\"participant\":\"6287856524761@s.whatsapp.net\",\"quotedMessage\":{\"conversation\":\"Aku udh FAST RESPON ka\"}},\"inviteLinkGroupTypeV2\":\"DEFAULT\"}},\"messageTimestamp\":\"1731581021\",\"participant\":\"6285775616873@s.whatsapp.net\",\"reportingTokenInfo\":{\"reportingTag\":\"AY9of6y6GcNoMHcqsqxV/A==\"}},{\"key\":{\"remoteJid\":\"120363210987600017@g.us\",\"fromMe\":false,\"id\":\"A9C52E6DCA39AE3F51C11C5542EAF311\"},\"message\":{\"conversation\":\"Wey\"},\"messageTimestamp\":\"1731640738\",\"participant\":\"6287856524761@s.whatsapp.net\",\"reportingTokenInfo\":{\"reportingTag\":\"AY8j7qfsopAkuphISYT+Z1DaYLI=\"}},{\"key\":{\"remoteJid\":\"120363210987600017@g.us\",\"fromMe\":false,\"id\":\"E106BD6061323BDCA8ABD3C2F002FB90\"},\"message\":{\"conversation\":\"Bales cuy\"},\"messageTimestamp\":\"1731640741\",\"participant\":\"6287856524761@s.whatsapp.net\",\"reportingTokenInfo\":{\"reportingTag\":\"AY/C9dCaQDP/+nK7G/BWGGesF2A=\"}},{\"key\":{\"remoteJid\":\"120363210987600017@g.us\",\"fromMe\":false,\"id\":\"29BBBEE49BA2AD8D2ABF91B58A6C4F2B\"},\"message\":{\"conversation\":\"ada yang punya bot digiflaz\"},\"messageTimestamp\":\"1731640761\",\"participant\":\"6281532859320@s.whatsapp.net\",\"reportingTokenInfo\":{\"reportingTag\":\"AY+97F+Ud91lZBAJabXViGaBNUI=\"}},{\"key\":{\"remoteJid\":\"120363210987600017@g.us\",\"fromMe\":false,\"id\":\"CB54C6DBE1B857640DCA1CC9FB8A111A\"},\"message\":{\"conversation\":\"Scam ga sih ini ?\"},\"messageTimestamp\":\"1731642539\",\"participant\":\"6285223538579@s.whatsapp.net\",\"reportingTokenInfo\":{\"reportingTag\":\"AY/I0fFk5H6dfV6tonDk/06ASLs=\"}},{\"key\":{\"remoteJid\":\"120363210987600017@g.us\",\"fromMe\":false,\"id\":\"C9587AFAC387C56306C1057DDA66CD8C\"},\"message\":{\"extendedTextMessage\":{\"text\":\"emang problem nya apa?\",\"previewType\":\"NONE\",\"contextInfo\":{\"stanzaId\":\"CB54C6DBE1B857640DCA1CC9FB8A111A\",\"participant\":\"6285223538579@s.whatsapp.net\",\"quotedMessage\":{\"conversation\":\"Scam ga sih ini ?\"}},\"inviteLinkGroupTypeV2\":\"DEFAULT\"}},\"messageTimestamp\":\"1731646201\",\"participant\":\"6285775616873@s.whatsapp.net\",\"reportingTokenInfo\":{\"reportingTag\":\"AY9DKAzLOkI0ZVIe+FgDNUytz24=\"}},{\"key\":{\"remoteJid\":\"120363210987600017@g.us\",\"fromMe\":false,\"id\":\"5E765812E71603267A6B21E8143FAFFC\"},\"message\":{\"extendedTextMessage\":{\"text\":\"dari awal kan mw mu sendiri bentuk nya button\",\"previewType\":\"NONE\",\"contextInfo\":{\"stanzaId\":\"CB54C6DBE1B857640DCA1CC9FB8A111A\",\"participant\":\"6285223538579@s.whatsapp.net\",\"quotedMessage\":{\"conversation\":\"Scam ga sih ini ?\"}},\"inviteLinkGroupTypeV2\":\"DEFAULT\"}},\"messageTimestamp\":\"1731646214\",\"participant\":\"6285775616873@s.whatsapp.net\",\"reportingTokenInfo\":{\"reportingTag\":\"AY+l9e8WQ5NouEWNFYZYpP4C75g=\"}},{\"key\":{\"remoteJid\":\"120363210987600017@g.us\",\"fromMe\":false,\"id\":\"D879787508EE126CC011CE936164A6AA\"},\"message\":{\"stickerMessage\":{\"url\":\"https://mmg.whatsapp.net/v/t62.15575-24/28646378_957354929569507_7920221996182419845_n.enc?ccb=11-4&oh=01_Q5AaIFOujVus7XYFTwsqI8NupjuFuYLM5NVcuYrB2b0LEIsD&oe=675E5AD2&_nc_sid=5e03e0&mms3=true\",\"fileSha256\":\"HPcn9dJKHC65Ng5U1j2eplcxTJEJWXWZeUJTBdKc8Yc=\",\"fileEncSha256\":\"4AW/prJao3ffUvVBcDxanx10KF0+vi2/Ttkces5GxAs=\",\"mediaKey\":\"m2s3x+SKWGZVAs+1v0aSQonxjynO06fwAxiJt1BTVrE=\",\"mimetype\":\"image/webp\",\"height\":64,\"width\":64,\"directPath\":\"/v/t62.15575-24/28646378_957354929569507_7920221996182419845_n.enc?ccb=11-4&oh=01_Q5AaIFOujVus7XYFTwsqI8NupjuFuYLM5NVcuYrB2b0LEIsD&oe=675E5AD2&_nc_sid=5e03e0\",\"fileLength\":\"7014\",\"mediaKeyTimestamp\":\"1731492464\",\"isAnimated\":false,\"stickerSentTs\":\"1731646222000\",\"isAvatar\":false,\"isAiSticker\":false,\"isLottie\":false}},\"messageTimestamp\":\"1731646222\",\"participant\":\"6285775616873@s.whatsapp.net\",\"mediaData\":{\"localPath\":\"Media/WhatsApp Stickers/STK-20241114-WA0000.webp\"},\"reportingTokenInfo\":{\"reportingTag\":\"AY/wU1FkG06QazDYbeRNiOo74Po=\"}},{\"key\":{\"remoteJid\":\"120363210987600017@g.us\",\"fromMe\":false,\"id\":\"ED823E966164FE80BF4EE700E9C5B678\"},\"message\":{\"extendedTextMessage\":{\"text\":\"cek perkembangan bot vipay nya di sini @6283896835921\",\"previewType\":\"NONE\",\"contextInfo\":{\"stanzaId\":\"CB54C6DBE1B857640DCA1CC9FB8A111A\",\"participant\":\"6285223538579@s.whatsapp.net\",\"quotedMessage\":{\"conversation\":\"Scam ga sih ini ?\"},\"mentionedJid\":[\"6283896835921@s.whatsapp.net\"]},\"inviteLinkGroupTypeV2\":\"DEFAULT\"}},\"messageTimestamp\":\"1731646269\",\"participant\":\"6285775616873@s.whatsapp.net\",\"reportingTokenInfo\":{\"reportingTag\":\"AY+x5IaFE9Z/5pENrkHURtkTZcY=\"}},{\"key\":{\"remoteJid\":\"120363210987600017@g.us\",\"fromMe\":false,\"id\":\"CD6C355D9064C6EE32AC18623ACD046D\"},\"message\":{\"extendedTextMessage\":{\"text\":\"Bot gabisa di pake\",\"previewType\":\"NONE\",\"contextInfo\":{\"stanzaId\":\"C9587AFAC387C56306C1057DDA66CD8C\",\"participant\":\"6285775616873@s.whatsapp.net\",\"quotedMessage\":{\"conversation\":\"emang problem nya apa?\"}},\"inviteLinkGroupTypeV2\":\"DEFAULT\"}},\"messageTimestamp\":\"1731646334\",\"participant\":\"6285223538579@s.whatsapp.net\",\"reportingTokenInfo\":{\"reportingTag\":\"AY+xFm+Gn3zIYzduQFc3BjLILZQ=\"}},{\"key\":{\"remoteJid\":\"120363210987600017@g.us\",\"fromMe\":false,\"id\":\"3F24FC9F696FCB9DE009167C2A659A56\"},\"message\":{\"conversation\":\"ya efek button nda muncul itu\"},\"messageTimestamp\":\"1731647212\",\"participant\":\"6285775616873@s.whatsapp.net\",\"reportingTokenInfo\":{\"reportingTag\":\"AY/6NSjaXOzxG80A2rLx0PLuJl0=\"}},{\"key\":{\"remoteJid\":\"120363210987600017@g.us\",\"fromMe\":false,\"id\":\"718D3A193D47F78271A2435193579369\"},\"message\":{\"extendedTextMessage\":{\"text\":\"Kode pairing muncul di termius nya\",\"previewType\":\"NONE\",\"contextInfo\":{\"stanzaId\":\"3F24FC9F696FCB9DE009167C2A659A56\",\"participant\":\"6285775616873@s.whatsapp.net\",\"quotedMessage\":{\"conversation\":\"ya efek button nda muncul itu\"}},\"inviteLinkGroupTypeV2\":\"DEFAULT\"}},\"messageTimestamp\":\"1731647374\",\"participant\":\"6285223538579@s.whatsapp.net\",\"reportingTokenInfo\":{\"reportingTag\":\"AY+Rjqh24UyX0lz52GqRhLabM+E=\"}},{\"key\":{\"remoteJid\":\"120363210987600017@g.us\",\"fromMe\":false,\"id\":\"6F1052F1A5B52208D443EB12F019AAB1\"},\"message\":{\"conversation\":\"Udh gua masukin ke wa yang bot nya\"},\"messageTimestamp\":\"1731647390\",\"participant\":\"6285223538579@s.whatsapp.net\",\"reportingTokenInfo\":{\"reportingTag\":\"AY/P9EXYhjNaiEATWMa/L8TxZV8=\"}},{\"key\":{\"remoteJid\":\"120363210987600017@g.us\",\"fromMe\":false,\"id\":\"173B432A80E631A54AC2203C6F9C8DD1\"},\"message\":{\"conversation\":\"coba kirim nomor botnya\"},\"messageTimestamp\":\"1731654467\",\"participant\":\"6285793589243@s.whatsapp.net\",\"reportingTokenInfo\":{\"reportingTag\":\"AY8UEE8waljYBzX+bLMI79kYeuE=\"}},{\"key\":{\"remoteJid\":\"120363210987600017@g.us\",\"fromMe\":false,\"id\":\"CF73F09CABE4FE2BF3AAEC65957ECF6A\"},\"message\":{\"extendedTextMessage\":{\"text\":\"+62 822-6160-7078\",\"previewType\":\"NONE\",\"contextInfo\":{\"stanzaId\":\"173B432A80E631A54AC2203C6F9C8DD1\",\"participant\":\"6285793589243@s.whatsapp.net\",\"quotedMessage\":{\"conversation\":\"coba kirim nomor botnya\"}},\"inviteLinkGroupTypeV2\":\"DEFAULT\"}},\"messageTimestamp\":\"1731654953\",\"participant\":\"6285223538579@s.whatsapp.net\",\"reportingTokenInfo\":{\"reportingTag\":\"AY+5X30ctAzULt38xr4rOlWnRsY=\"}},{\"key\":{\"remoteJid\":\"120363210987600017@g.us\",\"fromMe\":false,\"id\":\"DCE86BFD7CB5CA3321EF746E5F641039\"},\"message\":{\"extendedTextMessage\":{\"text\":\"Punya gw gimna\",\"previewType\":\"NONE\",\"contextInfo\":{\"stanzaId\":\"3F24FC9F696FCB9DE009167C2A659A56\",\"participant\":\"6285775616873@s.whatsapp.net\",\"quotedMessage\":{\"conversation\":\"ya efek button nda muncul itu\"}},\"inviteLinkGroupTypeV2\":\"DEFAULT\"}},\"messageTimestamp\":\"1731656989\",\"participant\":\"6285198366084@s.whatsapp.net\",\"reportingTokenInfo\":{\"reportingTag\":\"AY+u1tXRVTDmNvBX+P0zv+7wFXA=\"}},{\"key\":{\"remoteJid\":\"120363210987600017@g.us\",\"fromMe\":false,\"id\":\"D3372F67134BB0D1E33A8868C58E28CA\"},\"message\":{\"extendedTextMessage\":{\"text\":\"Punya gw gimna dari Agustus loh ini\",\"previewType\":\"NONE\",\"contextInfo\":{\"stanzaId\":\"173B432A80E631A54AC2203C6F9C8DD1\",\"participant\":\"6285793589243@s.whatsapp.net\",\"quotedMessage\":{\"conversation\":\"coba kirim nomor botnya\"}},\"inviteLinkGroupTypeV2\":\"DEFAULT\"}},\"messageTimestamp\":\"1731657000\",\"participant\":\"6285198366084@s.whatsapp.net\",\"reportingTokenInfo\":{\"reportingTag\":\"AY+UMejZSYumnthKXT55dVm1oIw=\"}},{\"key\":{\"remoteJid\":\"120363210987600017@g.us\",\"fromMe\":false,\"id\":\"448994E8DA7BC7590A4192E7BB732261\"},\"message\":{\"conversation\":\"Setidaknya kalau orderan numpuk jangan ngambil orderan baru\"},\"messageTimestamp\":\"1731657020\",\"participant\":\"6285198366084@s.whatsapp.net\",\"reportingTokenInfo\":{\"reportingTag\":\"AY+HizLxVGd1BGXettLza9QvQO8=\"}},{\"key\":{\"remoteJid\":\"120363210987600017@g.us\",\"fromMe\":false,\"id\":\"5BEECD1662A6C01682FBC1FC48BF83EA\"},\"message\":{\"extendedTextMessage\":{\"text\":\"Kak\",\"previewType\":\"NONE\",\"contextInfo\":{\"stanzaId\":\"173B432A80E631A54AC2203C6F9C8DD1\",\"participant\":\"6285793589243@s.whatsapp.net\",\"quotedMessage\":{\"conversation\":\"coba kirim nomor botnya\"}},\"inviteLinkGroupTypeV2\":\"DEFAULT\"}},\"messageTimestamp\":\"1731657347\",\"participant\":\"6287856524761@s.whatsapp.net\",\"reportingTokenInfo\":{\"reportingTag\":\"AY9TDHN9qVieJxfsNiAYA2/ITcg=\"}},{\"key\":{\"remoteJid\":\"120363210987600017@g.us\",\"fromMe\":false,\"id\":\"E420CFD1D226A07CCAAE621ED8121B77\"},\"message\":{\"conversation\":\"Kak fitur saldo udah terus tinggal menu paketnya aja ka\"},\"messageTimestamp\":\"1731657372\",\"participant\":\"6287856524761@s.whatsapp.net\",\"reportingTokenInfo\":{\"reportingTag\":\"AY8wVLl4S9SUfAu55wmWrfm3fZs=\"}},{\"key\":{\"remoteJid\":\"120363210987600017@g.us\",\"fromMe\":false,\"id\":\"6A1336F9552B64514CADEDC34DAFE5AD\"},\"message\":{\"conversation\":\"Sama kode paket\"},\"messageTimestamp\":\"1731657377\",\"participant\":\"6287856524761@s.whatsapp.net\",\"reportingTokenInfo\":{\"reportingTag\":\"AY9gJiy7v2DusQYYufrpJYYMje0=\"}},{\"key\":{\"remoteJid\":\"120363210987600017@g.us\",\"fromMe\":false,\"id\":\"CAC7B007D34364CD743FD98BB5086BEE\"},\"message\":{\"extendedTextMessage\":{\"text\":\"@6285793589243\",\"previewType\":\"NONE\",\"contextInfo\":{\"mentionedJid\":[\"6285793589243@s.whatsapp.net\"]},\"inviteLinkGroupTypeV2\":\"DEFAULT\"}},\"messageTimestamp\":\"1731657389\",\"participant\":\"6287856524761@s.whatsapp.net\",\"reportingTokenInfo\":{\"reportingTag\":\"AY8GOTAGQVzW8T0L1Za+DNw2Y9I=\"}},{\"key\":{\"remoteJid\":\"120363210987600017@g.us\",\"fromMe\":false,\"id\":\"A66CFF5FBE30900458F5E6F9C98DCE08\"},\"message\":{\"conversation\":\"Terus gimana\"},\"messageTimestamp\":\"1731659482\",\"participant\":\"6285223538579@s.whatsapp.net\",\"reportingTokenInfo\":{\"reportingTag\":\"AY83h7VdGYFt+nDl+om4RERZbww=\"}}],\"0@s.whatsapp.net\":[{\"key\":{\"remoteJid\":\"0@s.whatsapp.net\",\"fromMe\":false,\"id\":\"972934300870914-1\"},\"message\":{\"templateMessage\":{\"hydratedFourRowTemplate\":{\"videoMessage\":{\"mimetype\":\"video/mp4\",\"fileSha256\":\"nuFZJUdUUHiH+JNqvngyTj5rNsQw2Q4ZSHNc4Ele6MM=\",\"fileLength\":\"3879706\",\"seconds\":15,\"mediaKey\":\"G8FtcyrB4NWTdVylE8OajXLDY591fsA+3SmIrv2CZss=\",\"caption\":\"*Buat keputusan jadi menyenangkan dengan polling*\\nBuat polling untuk apa saja, baik untuk memilih hidangan makan malam atau karakter favorit Anda dari suatu film.\\n\\nCukup ketuk ikon lampiran, lalu Polling. Masukkan pertanyaan dan kemungkinan jawaban, lalu kirim.\",\"fileEncSha256\":\"fnQh3nHSR5PHrF3WMZnkQWsoAoYb9jLwMngWwnSwojM=\",\"staticUrl\":\"https://static.whatsapp.net/downloadable?category=PSA&id=930010065928377553&num=2c5491c5-a6f7-46e2-aaf7-8cd184e958a7&_nc_cat=1\"},\"hydratedContentText\":\"*Buat keputusan jadi menyenangkan dengan polling*\\nBuat polling untuk apa saja, baik untuk memilih hidangan makan malam atau karakter favorit Anda dari suatu film.\\n\\nCukup ketuk ikon lampiran, lalu Polling. Masukkan pertanyaan dan kemungkinan jawaban, lalu kirim.\",\"hydratedButtons\":[{\"urlButton\":{\"displayText\":\"Pelajari selengkapnya\",\"url\":\"https://faq.whatsapp.com/796470361614974\"},\"index\":0}]},\"hydratedTemplate\":{\"videoMessage\":{\"mimetype\":\"video/mp4\",\"fileSha256\":\"nuFZJUdUUHiH+JNqvngyTj5rNsQw2Q4ZSHNc4Ele6MM=\",\"fileLength\":\"3879706\",\"seconds\":15,\"mediaKey\":\"G8FtcyrB4NWTdVylE8OajXLDY591fsA+3SmIrv2CZss=\",\"caption\":\"*Buat keputusan jadi menyenangkan dengan polling*\\nBuat polling untuk apa saja, baik untuk memilih hidangan makan malam atau karakter favorit Anda dari suatu film.\\n\\nCukup ketuk ikon lampiran, lalu Polling. Masukkan pertanyaan dan kemungkinan jawaban, lalu kirim.\",\"fileEncSha256\":\"fnQh3nHSR5PHrF3WMZnkQWsoAoYb9jLwMngWwnSwojM=\",\"staticUrl\":\"https://static.whatsapp.net/downloadable?category=PSA&id=930010065928377553&num=2c5491c5-a6f7-46e2-aaf7-8cd184e958a7&_nc_cat=1\"},\"hydratedContentText\":\"*Buat keputusan jadi menyenangkan dengan polling*\\nBuat polling untuk apa saja, baik untuk memilih hidangan makan malam atau karakter favorit Anda dari suatu film.\\n\\nCukup ketuk ikon lampiran, lalu Polling. Masukkan pertanyaan dan kemungkinan jawaban, lalu kirim.\",\"hydratedButtons\":[{\"urlButton\":{\"displayText\":\"Pelajari selengkapnya\",\"url\":\"https://faq.whatsapp.com/796470361614974\"},\"index\":0}]}}},\"messageTimestamp\":\"1731580996\"}],\"6285775616873@s.whatsapp.net\":[{\"key\":{\"remoteJid\":\"6285775616873@s.whatsapp.net\",\"fromMe\":true,\"id\":\"7C0330ED21FF6AA6C7574FF1E1F057C8\"},\"message\":{\"conversation\":\"g\"},\"messageTimestamp\":\"1730912730\",\"status\":\"READ\",\"userReceipt\":[{\"userJid\":\"6285775616873@s.whatsapp.net\",\"receiptTimestamp\":\"1730912731\",\"readTimestamp\":\"1730912740\",\"playedTimestamp\":\"0\"}]}],\"6285793589243@s.whatsapp.net\":[{\"key\":{\"remoteJid\":\"6285793589243@s.whatsapp.net\",\"fromMe\":true,\"id\":\"75BD2829DF53F70607C67255707CB45D\"},\"message\":{\"conversation\":\"tes\"},\"messageTimestamp\":\"1730113183\",\"status\":\"DELIVERY_ACK\",\"messageC2STimestamp\":\"1730113184\",\"userReceipt\":[{\"userJid\":\"6285793589243@s.whatsapp.net\",\"receiptTimestamp\":\"1730113184\",\"readTimestamp\":\"0\",\"playedTimestamp\":\"0\"}]}],\"62857935892431@s.whatsapp.net\":[{\"key\":{\"remoteJid\":\"62857935892431@s.whatsapp.net\",\"fromMe\":true,\"id\":\"8C1E3B96F02FCA5E1D85F3DB77F11B08\"},\"messageTimestamp\":1731676030,\"broadcast\":false,\"status\":2,\"message\":{\"protocolMessage\":{\"type\":\"APP_STATE_SYNC_KEY_SHARE\",\"appStateSyncKeyShare\":{\"keys\":[{\"keyId\":{\"keyId\":\"AAAAAAih\"},\"keyData\":{\"keyData\":\"gtX6n2Whw52QuOnEq5M6nnpUCd0xtRnR9+pmxsYntyM=\",\"fingerprint\":{\"rawId\":51098105,\"currentIndex\":1,\"deviceIndexes\":[0,1]},\"timestamp\":\"1731676030180\"}}]}}},\"id\":\"8C1E3B96F02FCA5E1D85F3DB77F11B08\",\"isBot\":false,\"chat\":\"62857935892431@s.whatsapp.net\",\"fromMe\":true,\"isGroup\":false,\"sender\":\"62857935892431@s.whatsapp.net\",\"mtype\":\"protocolMessage\",\"msg\":{\"type\":\"APP_STATE_SYNC_KEY_SHARE\",\"appStateSyncKeyShare\":{\"keys\":[{\"keyId\":{\"keyId\":\"AAAAAAih\"},\"keyData\":{\"keyData\":\"gtX6n2Whw52QuOnEq5M6nnpUCd0xtRnR9+pmxsYntyM=\",\"fingerprint\":{\"rawId\":51098105,\"currentIndex\":1,\"deviceIndexes\":[0,1]},\"timestamp\":\"1731676030180\"}}]}},\"quoted\":null,\"mentionedJid\":[],\"text\":\"\"},{\"key\":{\"remoteJid\":\"62857935892431@s.whatsapp.net\",\"fromMe\":true,\"id\":\"4BB5A47313B8C2969C2D615161DA765C\"},\"messageTimestamp\":1731676030,\"broadcast\":false,\"status\":2,\"message\":{\"protocolMessage\":{\"type\":\"INITIAL_SECURITY_NOTIFICATION_SETTING_SYNC\",\"initialSecurityNotificationSettingSync\":{\"securityNotificationEnabled\":false}}}},{\"key\":{\"remoteJid\":\"62857935892431@s.whatsapp.net\",\"fromMe\":true,\"id\":\"BC19FC699C1DCE0E4D3EA7E9128FAF12\"},\"messageTimestamp\":1731676031,\"broadcast\":false,\"status\":2,\"message\":{\"protocolMessage\":{\"type\":\"HISTORY_SYNC_NOTIFICATION\",\"historySyncNotification\":{\"fileSha256\":\"4MDl9fZz7JB2idtvXFXEneM5MELkvvlMl96m6WLpprY=\",\"fileLength\":\"4915\",\"mediaKey\":\"hVd1NBArle4M09Yx7AfQDVhQvanZlUnRRPejc//WTss=\",\"fileEncSha256\":\"Mcj5kRmo+ZjIM4tDz12oiZOCttZnJccYnyo3PcNqjOo=\",\"directPath\":\"/v/t62.31111-24/19380563_482639720848222_1113681087460727539_n.enc?ccb=11-4&oh=01_Q5AaIHL0ONiBtfpPUvkPkumwb5BA8jLuBpTAXldUJFEZjuYe&oe=675EB479&_nc_sid=5e03e0\",\"syncType\":\"INITIAL_BOOTSTRAP\"}}}},{\"key\":{\"remoteJid\":\"62857935892431@s.whatsapp.net\",\"fromMe\":true,\"id\":\"1F538DD21ED89AA9B5D9B399EA72A790\"},\"messageTimestamp\":1731676031,\"broadcast\":false,\"status\":2,\"message\":{\"protocolMessage\":{\"type\":\"HISTORY_SYNC_NOTIFICATION\",\"historySyncNotification\":{\"fileSha256\":\"Dkz0UDP7mcehngS0gGsvG5+AMt/EXgSRgfazdoKo/ME=\",\"fileLength\":\"10\",\"mediaKey\":\"7KqiB5jk8JXCX6WY1EOI9CS5ST1Jkg9IDXPFgcesqZs=\",\"fileEncSha256\":\"UhJjwUqtRf197k8rK0kZguwAsNRQFSChlYpjmBI0tfI=\",\"directPath\":\"/v/t62.31111-24/32095206_573504911889460_204460648001498515_n.enc?ccb=11-4&oh=01_Q5AaIIiz5S_rhwT0anfyr15bXRPSjyeGRF6b16tt6dgwtKko&oe=675ECC85&_nc_sid=5e03e0\",\"syncType\":\"INITIAL_STATUS_V3\"}}}},{\"key\":{\"remoteJid\":\"62857935892431@s.whatsapp.net\",\"fromMe\":true,\"id\":\"A08F38036E17726F12783CE8291D2D2B\"},\"messageTimestamp\":1731676031,\"broadcast\":false,\"status\":2,\"message\":{\"protocolMessage\":{\"type\":\"HISTORY_SYNC_NOTIFICATION\",\"historySyncNotification\":{\"fileSha256\":\"iJjoat7qHwj9j+nHl4QeXES1CJsXqC95/n4CrLWror4=\",\"fileLength\":\"171\",\"mediaKey\":\"wVV/TFYiZzRtvhxl8WhY6+U/zinKjve9TnNMiTbkPVE=\",\"fileEncSha256\":\"nzcNmxjWw/sR4vFFtKSzwyajwadmaIInyb7xd/pBubM=\",\"directPath\":\"/v/t62.31111-24/13793942_877331451179456_4364134441918132274_n.enc?ccb=11-4&oh=01_Q5AaIBaoBpe82F9ztajqY_4BsrU600Z4hHOJXE5orY9zuCYv&oe=675EB08B&_nc_sid=5e03e0\",\"syncType\":\"NON_BLOCKING_DATA\"}}}},{\"key\":{\"remoteJid\":\"62857935892431@s.whatsapp.net\",\"fromMe\":true,\"id\":\"209472C94322E587FB81B65C34BE03FB\"},\"messageTimestamp\":1731676031,\"broadcast\":false,\"status\":2,\"message\":{\"protocolMessage\":{\"type\":\"HISTORY_SYNC_NOTIFICATION\",\"historySyncNotification\":{\"fileSha256\":\"jw8hxqQToTT9p9E5Wbrhs3sUGAv0PSHVRNcsolT/xEI=\",\"fileLength\":\"260\",\"mediaKey\":\"jrm+IhKqZFtfPT0rKBuxF0yerlAgj12qMTIcpujeoWE=\",\"fileEncSha256\":\"2MkMfCUHpt3QQyMfakf5LQU/0tGQjCS2dNPJocArvjY=\",\"directPath\":\"/v/t62.31111-24/33414477_1084053923219589_469967859261633059_n.enc?ccb=11-4&oh=01_Q5AaIG1hwd2Ftf_1UDzedGnAacabzf9oMQHn9lx-rCGL3QuL&oe=675EA291&_nc_sid=5e03e0\",\"syncType\":\"PUSH_NAME\",\"chunkOrder\":1}}}}]},\"labels\":[{\"id\":\"0\",\"name\":\"New customer\",\"predefinedId\":\"0\",\"color\":0,\"deleted\":false},{\"id\":\"1\",\"name\":\"New order\",\"predefinedId\":\"1\",\"color\":1,\"deleted\":false},{\"id\":\"2\",\"name\":\"Pending payment\",\"predefinedId\":\"2\",\"color\":2,\"deleted\":false},{\"id\":\"3\",\"name\":\"Paid\",\"predefinedId\":\"3\",\"color\":3,\"deleted\":false},{\"id\":\"4\",\"name\":\"Order completed\",\"predefinedId\":\"4\",\"color\":4,\"deleted\":false}],\"labelAssociations\":[]}"}